{
  "project_info": {
    "project_number": "1042670177492",
    "firebase_url": "https://ghauri-hotel.firebaseio.com",
    "project_id": "ghauri-hotel",
    "storage_bucket": "ghauri-hotel.appspot.com"
  },
  "client": [
    {
      "client_info": {
        "mobilesdk_app_id": "1:1042670177492:android:f6e4b2cf3ead59a20dbf41",
        "android_client_info": {
          "package_name": "com.example.ghaurihotel"
        }
      },
      "oauth_client": [
        {
          "client_id": "1042670177492-5livj0amroi7tfrodvktj16bm5bgeber.apps.googleusercontent.com",
          "client_type": 1,
          "android_info": {
            "package_name": "com.example.ghaurihotel",
            "certificate_hash": "2bdae2756b1c79912d020181bfb718158be91b79"
          }
        },
        {
          "client_id": "1042670177492-m1s9h8vq5244ttpot0iili6dfu2m422q.apps.googleusercontent.com",
          "client_type": 3
        }
      ],
      "api_key": [
        {
          "current_key": "AIzaSyAyFg1kbveQ1WOd-arQmRFqK3X3nZ5OtAk"
        }
      ],
      "services": {
        "appinvite_service": {
          "other_platform_oauth_client": [
            {
              "client_id": "1042670177492-m1s9h8vq5244ttpot0iili6dfu2m422q.apps.googleusercontent.com",
              "client_type": 3
            }
          ]
        }
      }
    }
  ],
  "configuration_version": "1"
}